"","date","BEN","CH4","CO","EBE","NMHC","NO","NO_2","NOx","O_3","PM10","PM25","SO_2","TCH","TOL","station","elevation"
"51793","2018-01-02 00:00:00",NA,NA,0.300000011920929,NA,NA,1,11,13,NA,NA,NA,1,NA,NA,28079004,635
"51794","2018-01-02 00:00:00",0.5,1.37999999523163,0.300000011920929,0.100000001490116,0.0199999995529652,4,34,41,46,6,4,2,1.39999997615814,0.800000011920929,28079008,670
"51795","2018-01-02 00:00:00",0.200000002980232,NA,NA,0.100000001490116,NA,5,40,48,NA,NA,NA,NA,NA,0.200000002980232,28079011,708
"51796","2018-01-02 00:00:00",NA,NA,0.300000011920929,NA,NA,3,35,39,37,NA,NA,NA,NA,NA,28079016,693
"51797","2018-01-02 00:00:00",NA,NA,NA,NA,NA,1,22,24,49,NA,NA,3,NA,NA,28079017,604
"51798","2018-01-02 00:00:00",0.200000002980232,NA,0.200000002980232,0.100000001490116,NA,1,12,14,66,5,NA,5,NA,0.300000011920929,28079018,630
"51799","2018-01-02 00:00:00",0.300000011920929,1.11000001430511,0.200000002980232,0.100000001490116,0.0199999995529652,1,2,4,74,7,2,3,1.12999999523163,0.200000002980232,28079024,642
"51800","2018-01-02 00:00:00",NA,NA,NA,NA,NA,1,23,24,48,NA,NA,NA,NA,NA,28079027,621
"51801","2018-01-02 00:00:00",NA,NA,0.400000005960464,NA,NA,2,22,25,33,NA,NA,6,NA,NA,28079035,659
"51802","2018-01-02 00:00:00",NA,NA,0.300000011920929,NA,NA,2,25,28,NA,15,NA,11,NA,NA,28079036,685
"51803","2018-01-02 00:00:00",0.300000011920929,NA,NA,0.200000002980232,NA,2,10,13,NA,3,1,3,NA,0.400000005960464,28079038,698
"51804","2018-01-02 00:00:00",NA,NA,0.200000002980232,NA,NA,3,16,20,60,NA,NA,NA,NA,NA,28079039,674
"51805","2018-01-02 00:00:00",NA,NA,NA,NA,NA,2,27,30,NA,16,NA,2,NA,NA,28079040,677
"51806","2018-01-02 00:00:00",NA,NA,NA,NA,NA,1,20,21,NA,10,7,NA,NA,NA,28079047,599
"51807","2018-01-02 00:00:00",NA,NA,NA,NA,NA,1,22,24,NA,7,4,NA,NA,NA,28079048,676
"51808","2018-01-02 00:00:00",NA,NA,NA,NA,NA,1,21,22,48,NA,NA,NA,NA,NA,28079049,662
"51809","2018-01-02 00:00:00",NA,NA,NA,NA,NA,11,26,43,NA,3,2,NA,NA,NA,28079050,728
"51810","2018-01-02 00:00:00",NA,NA,NA,NA,NA,1,11,13,51,NA,NA,NA,NA,NA,28079054,627
"51811","2018-01-02 00:00:00",0.600000023841858,1.16999995708466,NA,0.200000002980232,0.0299999993294477,1,24,25,NA,10,NA,NA,1.20000004768372,1.29999995231628,28079055,618
"51812","2018-01-02 00:00:00",NA,NA,0.200000002980232,NA,NA,13,24,44,55,NA,NA,NA,NA,NA,28079056,604
"51813","2018-01-02 00:00:00",NA,NA,0.200000002980232,NA,NA,1,9,10,NA,3,NA,1,NA,NA,28079057,700
"51814","2018-01-02 00:00:00",NA,NA,NA,NA,NA,1,2,4,78,NA,NA,NA,NA,NA,28079058,615
"51815","2018-01-02 00:00:00",NA,NA,NA,NA,NA,1,21,23,49,NA,NA,NA,NA,NA,28079059,660
"51816","2018-01-02 00:00:00",NA,NA,NA,NA,NA,1,11,12,NA,1,NA,NA,NA,NA,28079060,715
"51817","2018-01-02 01:00:00",NA,NA,0.300000011920929,NA,NA,1,13,15,NA,NA,NA,1,NA,NA,28079004,635
"51818","2018-01-02 01:00:00",0.5,1.38999998569489,0.300000011920929,0.100000001490116,0.0199999995529652,3,31,36,41,2,1,2,1.4099999666214,0.699999988079071,28079008,670
"51819","2018-01-02 01:00:00",0.300000011920929,NA,NA,0.100000001490116,NA,1,26,28,NA,NA,NA,NA,NA,0.400000005960464,28079011,708
"51820","2018-01-02 01:00:00",NA,NA,0.400000005960464,NA,NA,3,21,26,54,NA,NA,NA,NA,NA,28079016,693
"51821","2018-01-02 01:00:00",NA,NA,NA,NA,NA,1,13,15,32,NA,NA,3,NA,NA,28079017,604
"51822","2018-01-02 01:00:00",0.200000002980232,NA,0.200000002980232,0.100000001490116,NA,2,12,15,58,4,NA,5,NA,0.200000002980232,28079018,630
"51823","2018-01-02 01:00:00",0.200000002980232,1.11000001430511,0.200000002980232,0.100000001490116,0.0199999995529652,1,1,3,82,3,1,3,1.12999999523163,0.100000001490116,28079024,642
"51824","2018-01-02 01:00:00",NA,NA,NA,NA,NA,1,13,15,63,NA,NA,NA,NA,NA,28079027,621
"51825","2018-01-02 01:00:00",NA,NA,0.300000011920929,NA,NA,2,21,24,35,NA,NA,6,NA,NA,28079035,659
"51826","2018-01-02 01:00:00",NA,NA,0.200000002980232,NA,NA,1,13,15,NA,13,NA,9,NA,NA,28079036,685
"51827","2018-01-02 01:00:00",0.200000002980232,NA,NA,0.100000001490116,NA,1,10,11,NA,5,3,4,NA,0.200000002980232,28079038,698
"51828","2018-01-02 01:00:00",NA,NA,0.200000002980232,NA,NA,2,14,17,64,NA,NA,NA,NA,NA,28079039,674
"51829","2018-01-02 01:00:00",NA,NA,NA,NA,NA,2,14,18,NA,14,NA,2,NA,NA,28079040,677
"51830","2018-01-02 01:00:00",NA,NA,NA,NA,NA,1,17,18,NA,8,4,NA,NA,NA,28079047,599
"51831","2018-01-02 01:00:00",NA,NA,NA,NA,NA,1,26,28,NA,7,4,NA,NA,NA,28079048,676
"51832","2018-01-02 01:00:00",NA,NA,NA,NA,NA,1,24,26,32,NA,NA,NA,NA,NA,28079049,662
"51833","2018-01-02 01:00:00",NA,NA,NA,NA,NA,4,25,32,NA,2,1,NA,NA,NA,28079050,728
"51834","2018-01-02 01:00:00",NA,NA,NA,NA,NA,1,12,14,47,NA,NA,NA,NA,NA,28079054,627
"51835","2018-01-02 01:00:00",0.5,1.16999995708466,NA,0.100000001490116,0.0399999991059303,1,26,28,NA,9,NA,NA,1.21000003814697,1,28079055,618
"51836","2018-01-02 01:00:00",NA,NA,0.200000002980232,NA,NA,13,26,46,44,NA,NA,NA,NA,NA,28079056,604
"51837","2018-01-02 01:00:00",NA,NA,0.300000011920929,NA,NA,1,17,19,NA,8,NA,2,NA,NA,28079057,700
"51838","2018-01-02 01:00:00",NA,NA,NA,NA,NA,1,2,3,77,NA,NA,NA,NA,NA,28079058,615
"51839","2018-01-02 01:00:00",NA,NA,NA,NA,NA,1,16,17,60,NA,NA,NA,NA,NA,28079059,660
"51840","2018-01-02 01:00:00",NA,NA,NA,NA,NA,1,9,10,74,2,NA,NA,NA,NA,28079060,715
"51841","2018-01-02 02:00:00",NA,NA,0.300000011920929,NA,NA,1,17,18,NA,NA,NA,1,NA,NA,28079004,635
"51842","2018-01-02 02:00:00",0.400000005960464,1.37999999523163,0.200000002980232,0.100000001490116,0.00999999977648258,4,25,31,50,8,5,2,1.37999999523163,0.5,28079008,670
"51843","2018-01-02 02:00:00",0.300000011920929,NA,NA,0.100000001490116,NA,2,21,23,NA,NA,NA,NA,NA,0.400000005960464,28079011,708
"51844","2018-01-02 02:00:00",NA,NA,0.200000002980232,NA,NA,1,9,11,69,NA,NA,NA,NA,NA,28079016,693
"51845","2018-01-02 02:00:00",NA,NA,NA,NA,NA,1,15,16,34,NA,NA,3,NA,NA,28079017,604
"51846","2018-01-02 02:00:00",0.200000002980232,NA,0.200000002980232,0.100000001490116,NA,1,13,15,53,5,NA,5,NA,0.400000005960464,28079018,630
"51847","2018-01-02 02:00:00",0.200000002980232,1.11000001430511,0.200000002980232,0.100000001490116,0.0199999995529652,1,2,3,69,3,1,3,1.12999999523163,0.100000001490116,28079024,642
"51848","2018-01-02 02:00:00",NA,NA,NA,NA,NA,1,20,22,51,NA,NA,NA,NA,NA,28079027,621
"51849","2018-01-02 02:00:00",NA,NA,0.300000011920929,NA,NA,2,20,22,30,NA,NA,6,NA,NA,28079035,659
"51850","2018-01-02 02:00:00",NA,NA,0.200000002980232,NA,NA,1,14,15,NA,10,NA,9,NA,NA,28079036,685
"51851","2018-01-02 02:00:00",0.200000002980232,NA,NA,0.100000001490116,NA,3,12,16,NA,3,1,3,NA,0.200000002980232,28079038,698
"51852","2018-01-02 02:00:00",NA,NA,0.200000002980232,NA,NA,1,9,10,69,NA,NA,NA,NA,NA,28079039,674
"51853","2018-01-02 02:00:00",NA,NA,NA,NA,NA,1,20,22,NA,11,NA,2,NA,NA,28079040,677
"51854","2018-01-02 02:00:00",NA,NA,NA,NA,NA,1,12,13,NA,7,3,NA,NA,NA,28079047,599
"51855","2018-01-02 02:00:00",NA,NA,NA,NA,NA,1,20,21,NA,6,3,NA,NA,NA,28079048,676
"51856","2018-01-02 02:00:00",NA,NA,NA,NA,NA,1,11,13,54,NA,NA,NA,NA,NA,28079049,662
"51857","2018-01-02 02:00:00",NA,NA,NA,NA,NA,2,23,27,NA,3,3,NA,NA,NA,28079050,728
"51858","2018-01-02 02:00:00",NA,NA,NA,NA,NA,1,8,10,44,NA,NA,NA,NA,NA,28079054,627
"51859","2018-01-02 02:00:00",0.600000023841858,1.16999995708466,NA,0.100000001490116,0.0399999991059303,1,20,22,NA,10,NA,NA,1.20000004768372,1.70000004768372,28079055,618
"51860","2018-01-02 02:00:00",NA,NA,0.200000002980232,NA,NA,9,13,27,55,NA,NA,NA,NA,NA,28079056,604
"51861","2018-01-02 02:00:00",NA,NA,0.300000011920929,NA,NA,1,13,14,NA,4,NA,2,NA,NA,28079057,700
"51862","2018-01-02 02:00:00",NA,NA,NA,NA,NA,1,6,7,58,NA,NA,NA,NA,NA,28079058,615
"51863","2018-01-02 02:00:00",NA,NA,NA,NA,NA,1,9,11,70,NA,NA,NA,NA,NA,28079059,660
"51864","2018-01-02 02:00:00",NA,NA,NA,NA,NA,1,7,9,75,1,NA,NA,NA,NA,28079060,715
"51865","2018-01-02 03:00:00",NA,NA,0.300000011920929,NA,NA,1,6,8,NA,NA,NA,1,NA,NA,28079004,635
"51866","2018-01-02 03:00:00",0.300000011920929,1.37000000476837,0.200000002980232,0.100000001490116,0,3,22,26,57,5,2,2,1.37000000476837,0.400000005960464,28079008,670
"51867","2018-01-02 03:00:00",0.200000002980232,NA,NA,0.100000001490116,NA,1,12,14,NA,NA,NA,NA,NA,0.200000002980232,28079011,708
"51868","2018-01-02 03:00:00",NA,NA,0.200000002980232,NA,NA,1,7,9,68,NA,NA,NA,NA,NA,28079016,693
"51869","2018-01-02 03:00:00",NA,NA,NA,NA,NA,1,13,14,29,NA,NA,3,NA,NA,28079017,604
"51870","2018-01-02 03:00:00",0.100000001490116,NA,0.200000002980232,0.100000001490116,NA,1,9,10,63,4,NA,4,NA,0.200000002980232,28079018,630
"51871","2018-01-02 03:00:00",0.200000002980232,1.11000001430511,0.200000002980232,0.100000001490116,0.0199999995529652,1,1,2,74,4,1,3,1.12999999523163,0.100000001490116,28079024,642
"51872","2018-01-02 03:00:00",NA,NA,NA,NA,NA,1,10,12,61,NA,NA,NA,NA,NA,28079027,621
"51873","2018-01-02 03:00:00",NA,NA,0.300000011920929,NA,NA,1,17,19,37,NA,NA,6,NA,NA,28079035,659
"51874","2018-01-02 03:00:00",NA,NA,0.200000002980232,NA,NA,1,17,19,NA,12,NA,8,NA,NA,28079036,685
"51875","2018-01-02 03:00:00",0.200000002980232,NA,NA,0.100000001490116,NA,1,7,9,NA,4,1,3,NA,0.200000002980232,28079038,698
"51876","2018-01-02 03:00:00",NA,NA,0.200000002980232,NA,NA,1,6,8,68,NA,NA,NA,NA,NA,28079039,674
"51877","2018-01-02 03:00:00",NA,NA,NA,NA,NA,1,16,18,NA,13,NA,2,NA,NA,28079040,677
"51878","2018-01-02 03:00:00",NA,NA,NA,NA,NA,1,12,13,NA,7,3,NA,NA,NA,28079047,599
"51879","2018-01-02 03:00:00",NA,NA,NA,NA,NA,1,10,12,NA,5,2,NA,NA,NA,28079048,676
"51880","2018-01-02 03:00:00",NA,NA,NA,NA,NA,1,8,9,61,NA,NA,NA,NA,NA,28079049,662
"51881","2018-01-02 03:00:00",NA,NA,NA,NA,NA,2,12,15,NA,5,4,NA,NA,NA,28079050,728
"51882","2018-01-02 03:00:00",NA,NA,NA,NA,NA,1,13,14,37,NA,NA,NA,NA,NA,28079054,627
"51883","2018-01-02 03:00:00",0.400000005960464,1.1599999666214,NA,0.100000001490116,0.0299999993294477,1,12,13,NA,8,NA,NA,1.19000005722046,1.10000002384186,28079055,618
"51884","2018-01-02 03:00:00",NA,NA,0.200000002980232,NA,NA,9,11,25,63,NA,NA,NA,NA,NA,28079056,604
"51885","2018-01-02 03:00:00",NA,NA,0.200000002980232,NA,NA,1,5,7,NA,3,NA,1,NA,NA,28079057,700
"51886","2018-01-02 03:00:00",NA,NA,NA,NA,NA,1,1,3,77,NA,NA,NA,NA,NA,28079058,615
"51887","2018-01-02 03:00:00",NA,NA,NA,NA,NA,1,5,7,69,NA,NA,NA,NA,NA,28079059,660
"51888","2018-01-02 03:00:00",NA,NA,NA,NA,NA,1,6,8,74,6,NA,NA,NA,NA,28079060,715
"51889","2018-01-02 04:00:00",NA,NA,0.200000002980232,NA,NA,1,3,4,NA,NA,NA,1,NA,NA,28079004,635
"51890","2018-01-02 04:00:00",0.300000011920929,1.37000000476837,0.200000002980232,0.100000001490116,0.00999999977648258,2,16,19,65,3,1,2,1.37999999523163,0.300000011920929,28079008,670
"51891","2018-01-02 04:00:00",0.200000002980232,NA,NA,0.100000001490116,NA,1,8,10,NA,NA,NA,NA,NA,0.200000002980232,28079011,708
"51892","2018-01-02 04:00:00",NA,NA,0.200000002980232,NA,NA,1,6,8,71,NA,NA,NA,NA,NA,28079016,693
"51893","2018-01-02 04:00:00",NA,NA,NA,NA,NA,1,4,6,58,NA,NA,3,NA,NA,28079017,604
"51894","2018-01-02 04:00:00",0.100000001490116,NA,0.200000002980232,0.100000001490116,NA,1,3,5,74,2,NA,5,NA,0.200000002980232,28079018,630
"51895","2018-01-02 04:00:00",0.200000002980232,1.11000001430511,0.200000002980232,0.100000001490116,0.0199999995529652,1,1,3,79,6,2,3,1.12999999523163,0.100000001490116,28079024,642
"51896","2018-01-02 04:00:00",NA,NA,NA,NA,NA,1,4,5,75,NA,NA,NA,NA,NA,28079027,621
"51897","2018-01-02 04:00:00",NA,NA,0.300000011920929,NA,NA,1,15,17,40,NA,NA,5,NA,NA,28079035,659
"51898","2018-01-02 04:00:00",NA,NA,0.200000002980232,NA,NA,1,5,6,NA,10,NA,9,NA,NA,28079036,685
"51899","2018-01-02 04:00:00",0.200000002980232,NA,NA,0.100000001490116,NA,1,6,7,NA,2,1,3,NA,0.200000002980232,28079038,698
"51900","2018-01-02 04:00:00",NA,NA,0.200000002980232,NA,NA,1,4,5,76,NA,NA,NA,NA,NA,28079039,674
"51901","2018-01-02 04:00:00",NA,NA,NA,NA,NA,1,6,8,NA,12,NA,3,NA,NA,28079040,677
"51902","2018-01-02 04:00:00",NA,NA,NA,NA,NA,1,4,6,NA,7,5,NA,NA,NA,28079047,599
"51903","2018-01-02 04:00:00",NA,NA,NA,NA,NA,1,8,10,NA,5,2,NA,NA,NA,28079048,676
"51904","2018-01-02 04:00:00",NA,NA,NA,NA,NA,2,7,10,65,NA,NA,NA,NA,NA,28079049,662
"51905","2018-01-02 04:00:00",NA,NA,NA,NA,NA,1,6,8,NA,2,2,NA,NA,NA,28079050,728
"51906","2018-01-02 04:00:00",NA,NA,NA,NA,NA,1,10,12,44,NA,NA,NA,NA,NA,28079054,627
"51907","2018-01-02 04:00:00",0.300000011920929,1.14999997615814,NA,0.100000001490116,0.0399999991059303,1,7,9,NA,7,NA,NA,1.17999994754791,0.600000023841858,28079055,618
"51908","2018-01-02 04:00:00",NA,NA,0.200000002980232,NA,NA,9,9,22,74,NA,NA,NA,NA,NA,28079056,604
"51909","2018-01-02 04:00:00",NA,NA,0.200000002980232,NA,NA,1,2,4,NA,3,NA,1,NA,NA,28079057,700
"51910","2018-01-02 04:00:00",NA,NA,NA,NA,NA,1,1,3,84,NA,NA,NA,NA,NA,28079058,615
"51911","2018-01-02 04:00:00",NA,NA,NA,NA,NA,1,6,7,71,NA,NA,NA,NA,NA,28079059,660
"51912","2018-01-02 04:00:00",NA,NA,NA,NA,NA,1,4,5,79,2,NA,NA,NA,NA,28079060,715
"51913","2018-01-02 05:00:00",NA,NA,0.200000002980232,NA,NA,1,1,3,NA,NA,NA,1,NA,NA,28079004,635
"51914","2018-01-02 05:00:00",0.300000011920929,1.37000000476837,0.200000002980232,0.100000001490116,0,2,17,20,69,5,4,2,1.37000000476837,0.300000011920929,28079008,670
"51915","2018-01-02 05:00:00",0.100000001490116,NA,NA,0.100000001490116,NA,1,5,6,NA,NA,NA,NA,NA,0.100000001490116,28079011,708
"51916","2018-01-02 05:00:00",NA,NA,0.200000002980232,NA,NA,1,6,8,77,NA,NA,NA,NA,NA,28079016,693
"51917","2018-01-02 05:00:00",NA,NA,NA,NA,NA,2,4,7,65,NA,NA,3,NA,NA,28079017,604
"51918","2018-01-02 05:00:00",0.100000001490116,NA,0.200000002980232,0.100000001490116,NA,1,3,5,77,4,NA,5,NA,0.200000002980232,28079018,630
"51919","2018-01-02 05:00:00",0.200000002980232,1.11000001430511,0.200000002980232,0.100000001490116,0.0199999995529652,1,1,3,82,8,4,3,1.12999999523163,0.100000001490116,28079024,642
"51920","2018-01-02 05:00:00",NA,NA,NA,NA,NA,1,4,5,77,NA,NA,NA,NA,NA,28079027,621
"51921","2018-01-02 05:00:00",NA,NA,0.300000011920929,NA,NA,1,18,20,42,NA,NA,6,NA,NA,28079035,659
"51922","2018-01-02 05:00:00",NA,NA,0.200000002980232,NA,NA,1,5,7,NA,10,NA,9,NA,NA,28079036,685
"51923","2018-01-02 05:00:00",0.200000002980232,NA,NA,0.100000001490116,NA,1,4,6,NA,4,2,4,NA,0.200000002980232,28079038,698
"51924","2018-01-02 05:00:00",NA,NA,0.200000002980232,NA,NA,1,2,4,82,NA,NA,NA,NA,NA,28079039,674
"51925","2018-01-02 05:00:00",NA,NA,NA,NA,NA,1,6,8,NA,8,NA,2,NA,NA,28079040,677
"51926","2018-01-02 05:00:00",NA,NA,NA,NA,NA,1,7,9,NA,3,1,NA,NA,NA,28079047,599
"51927","2018-01-02 05:00:00",NA,NA,NA,NA,NA,1,4,5,NA,4,1,NA,NA,NA,28079048,676
"51928","2018-01-02 05:00:00",NA,NA,NA,NA,NA,1,7,8,66,NA,NA,NA,NA,NA,28079049,662
"51929","2018-01-02 05:00:00",NA,NA,NA,NA,NA,1,1,3,NA,5,4,NA,NA,NA,28079050,728
"51930","2018-01-02 05:00:00",NA,NA,NA,NA,NA,1,4,6,71,NA,NA,NA,NA,NA,28079054,627
"51931","2018-01-02 05:00:00",0.300000011920929,1.13999998569489,NA,0.100000001490116,0.0299999993294477,1,4,5,NA,9,NA,NA,1.17999994754791,0.5,28079055,618
"51932","2018-01-02 05:00:00",NA,NA,0.200000002980232,NA,NA,8,14,27,73,NA,NA,NA,NA,NA,28079056,604
"51933","2018-01-02 05:00:00",NA,NA,0.200000002980232,NA,NA,1,1,3,NA,2,NA,1,NA,NA,28079057,700
"51934","2018-01-02 05:00:00",NA,NA,NA,NA,NA,1,1,3,86,NA,NA,NA,NA,NA,28079058,615
"51935","2018-01-02 05:00:00",NA,NA,NA,NA,NA,1,3,5,79,NA,NA,NA,NA,NA,28079059,660
"51936","2018-01-02 05:00:00",NA,NA,NA,NA,NA,1,3,4,84,1,NA,NA,NA,NA,28079060,715
"51937","2018-01-02 06:00:00",NA,NA,0.200000002980232,NA,NA,1,2,4,NA,NA,NA,1,NA,NA,28079004,635
"51938","2018-01-02 06:00:00",0.300000011920929,1.36000001430511,0.200000002980232,0.100000001490116,0,3,23,28,64,10,7,2,1.36000001430511,0.300000011920929,28079008,670
"51939","2018-01-02 06:00:00",0.100000001490116,NA,NA,0.100000001490116,NA,1,5,7,NA,NA,NA,NA,NA,0.100000001490116,28079011,708
"51940","2018-01-02 06:00:00",NA,NA,0.200000002980232,NA,NA,1,7,9,76,NA,NA,NA,NA,NA,28079016,693
"51941","2018-01-02 06:00:00",NA,NA,NA,NA,NA,1,8,10,58,NA,NA,3,NA,NA,28079017,604
"51942","2018-01-02 06:00:00",0.100000001490116,NA,0.200000002980232,0.100000001490116,NA,1,5,7,74,3,NA,5,NA,0.200000002980232,28079018,630
"51943","2018-01-02 06:00:00",0.200000002980232,1.10000002384186,0.200000002980232,0.100000001490116,0.0199999995529652,1,1,3,84,10,5,3,1.12999999523163,0.100000001490116,28079024,642
"51944","2018-01-02 06:00:00",NA,NA,NA,NA,NA,1,6,8,76,NA,NA,NA,NA,NA,28079027,621
"51945","2018-01-02 06:00:00",NA,NA,0.200000002980232,NA,NA,2,16,19,46,NA,NA,6,NA,NA,28079035,659
"51946","2018-01-02 06:00:00",NA,NA,0.200000002980232,NA,NA,1,7,9,NA,8,NA,9,NA,NA,28079036,685
"51947","2018-01-02 06:00:00",0.200000002980232,NA,NA,0.100000001490116,NA,1,6,7,NA,6,4,4,NA,0.100000001490116,28079038,698
"51948","2018-01-02 06:00:00",NA,NA,0.200000002980232,NA,NA,1,3,5,82,NA,NA,NA,NA,NA,28079039,674
"51949","2018-01-02 06:00:00",NA,NA,NA,NA,NA,1,9,10,NA,11,NA,2,NA,NA,28079040,677
"51950","2018-01-02 06:00:00",NA,NA,NA,NA,NA,1,10,12,NA,5,2,NA,NA,NA,28079047,599
"51951","2018-01-02 06:00:00",NA,NA,NA,NA,NA,1,8,9,NA,2,1,NA,NA,NA,28079048,676
"51952","2018-01-02 06:00:00",NA,NA,NA,NA,NA,1,6,8,69,NA,NA,NA,NA,NA,28079049,662
"51953","2018-01-02 06:00:00",NA,NA,NA,NA,NA,3,3,8,NA,4,2,NA,NA,NA,28079050,728
"51954","2018-01-02 06:00:00",NA,NA,NA,NA,NA,1,16,17,61,NA,NA,NA,NA,NA,28079054,627
"51955","2018-01-02 06:00:00",0.300000011920929,1.13999998569489,NA,0.100000001490116,0.0399999991059303,1,4,6,NA,11,NA,NA,1.16999995708466,0.400000005960464,28079055,618
"51956","2018-01-02 06:00:00",NA,NA,0.200000002980232,NA,NA,14,27,48,58,NA,NA,NA,NA,NA,28079056,604
"51957","2018-01-02 06:00:00",NA,NA,0.200000002980232,NA,NA,1,1,3,NA,9,NA,1,NA,NA,28079057,700
"51958","2018-01-02 06:00:00",NA,NA,NA,NA,NA,1,1,3,86,NA,NA,NA,NA,NA,28079058,615
"51959","2018-01-02 06:00:00",NA,NA,NA,NA,NA,1,5,6,78,NA,NA,NA,NA,NA,28079059,660
"51960","2018-01-02 06:00:00",NA,NA,NA,NA,NA,1,4,5,84,10,NA,NA,NA,NA,28079060,715
"51961","2018-01-02 07:00:00",NA,NA,0.300000011920929,NA,NA,1,10,11,NA,NA,NA,1,NA,NA,28079004,635
"51962","2018-01-02 07:00:00",0.300000011920929,1.37999999523163,0.300000011920929,0.100000001490116,0.00999999977648258,6,36,46,56,3,1,3,1.38999998569489,0.300000011920929,28079008,670
"51963","2018-01-02 07:00:00",0.100000001490116,NA,NA,0.100000001490116,NA,3,13,19,NA,NA,NA,NA,NA,0.100000001490116,28079011,708
"51964","2018-01-02 07:00:00",NA,NA,0.200000002980232,NA,NA,1,16,18,69,NA,NA,NA,NA,NA,28079016,693
"51965","2018-01-02 07:00:00",NA,NA,NA,NA,NA,3,30,35,96,NA,NA,3,NA,NA,28079017,604
"51966","2018-01-02 07:00:00",0.100000001490116,NA,0.200000002980232,0.100000001490116,NA,1,21,23,60,4,NA,5,NA,0.300000011920929,28079018,630
"51967","2018-01-02 07:00:00",0.200000002980232,1.11000001430511,0.200000002980232,0.100000001490116,0.0299999993294477,1,7,9,74,8,4,3,1.13999998569489,0.100000001490116,28079024,642
"51968","2018-01-02 07:00:00",NA,NA,NA,NA,NA,2,16,18,67,NA,NA,NA,NA,NA,28079027,621
"51969","2018-01-02 07:00:00",NA,NA,0.200000002980232,NA,NA,2,25,28,40,NA,NA,6,NA,NA,28079035,659
"51970","2018-01-02 07:00:00",NA,NA,0.200000002980232,NA,NA,3,15,19,NA,13,NA,9,NA,NA,28079036,685
"51971","2018-01-02 07:00:00",0.200000002980232,NA,NA,0.100000001490116,NA,3,13,18,NA,6,4,4,NA,0.200000002980232,28079038,698
"51972","2018-01-02 07:00:00",NA,NA,0.200000002980232,NA,NA,4,13,19,73,NA,NA,NA,NA,NA,28079039,674
"51973","2018-01-02 07:00:00",NA,NA,NA,NA,NA,3,17,21,NA,15,NA,3,NA,NA,28079040,677
"51974","2018-01-02 07:00:00",NA,NA,NA,NA,NA,1,14,15,NA,3,1,NA,NA,NA,28079047,599
"51975","2018-01-02 07:00:00",NA,NA,NA,NA,NA,2,19,22,NA,4,1,NA,NA,NA,28079048,676
"51976","2018-01-02 07:00:00",NA,NA,NA,NA,NA,1,10,11,69,NA,NA,NA,NA,NA,28079049,662
"51977","2018-01-02 07:00:00",NA,NA,NA,NA,NA,13,23,43,NA,4,3,NA,NA,NA,28079050,728
"51978","2018-01-02 07:00:00",NA,NA,NA,NA,NA,3,19,24,59,NA,NA,NA,NA,NA,28079054,627
"51979","2018-01-02 07:00:00",0.200000002980232,1.13999998569489,NA,0.100000001490116,0.0299999993294477,1,11,13,NA,10,NA,NA,1.17999994754791,0.400000005960464,28079055,618
"51980","2018-01-02 07:00:00",NA,NA,0.200000002980232,NA,NA,11,30,46,56,NA,NA,NA,NA,NA,28079056,604
"51981","2018-01-02 07:00:00",NA,NA,0.200000002980232,NA,NA,1,8,10,NA,12,NA,1,NA,NA,28079057,700
"51982","2018-01-02 07:00:00",NA,NA,NA,NA,NA,1,1,3,84,NA,NA,NA,NA,NA,28079058,615
"51983","2018-01-02 07:00:00",NA,NA,NA,NA,NA,1,9,10,75,NA,NA,NA,NA,NA,28079059,660
"51984","2018-01-02 07:00:00",NA,NA,NA,NA,NA,1,8,9,80,14,NA,NA,NA,NA,28079060,715
"51985","2018-01-02 08:00:00",NA,NA,0.300000011920929,NA,NA,1,23,25,NA,NA,NA,1,NA,NA,28079004,635
"51986","2018-01-02 08:00:00",0.699999988079071,1.38999998569489,0.400000005960464,0.100000001490116,0.0299999993294477,18,64,92,35,9,6,3,1.4099999666214,0.600000023841858,28079008,670
"51987","2018-01-02 08:00:00",0.200000002980232,NA,NA,0.100000001490116,NA,11,29,46,NA,NA,NA,NA,NA,0.300000011920929,28079011,708
"51988","2018-01-02 08:00:00",NA,NA,0.300000011920929,NA,NA,12,41,60,50,NA,NA,NA,NA,NA,28079016,693
"51989","2018-01-02 08:00:00",NA,NA,NA,NA,NA,15,61,84,8,NA,NA,3,NA,NA,28079017,604
"51990","2018-01-02 08:00:00",0.200000002980232,NA,0.200000002980232,0.100000001490116,NA,2,21,25,62,5,NA,5,NA,0.5,28079018,630
"51991","2018-01-02 08:00:00",0.200000002980232,1.11000001430511,0.200000002980232,0.100000001490116,0.0299999993294477,1,8,10,73,9,4,3,1.13999998569489,0.200000002980232,28079024,642
"51992","2018-01-02 08:00:00",NA,NA,NA,NA,NA,2,24,28,58,NA,NA,NA,NA,NA,28079027,621
"51993","2018-01-02 08:00:00",NA,NA,0.300000011920929,NA,NA,6,34,44,31,NA,NA,6,NA,NA,28079035,659
"51994","2018-01-02 08:00:00",NA,NA,0.300000011920929,NA,NA,5,42,50,NA,10,NA,10,NA,NA,28079036,685
"51995","2018-01-02 08:00:00",0.200000002980232,NA,NA,0.200000002980232,NA,6,25,35,NA,6,3,4,NA,0.300000011920929,28079038,698
"51996","2018-01-02 08:00:00",NA,NA,0.300000011920929,NA,NA,10,33,49,56,NA,NA,NA,NA,NA,28079039,674
"51997","2018-01-02 08:00:00",NA,NA,NA,NA,NA,6,38,47,NA,11,NA,3,NA,NA,28079040,677
"51998","2018-01-02 08:00:00",NA,NA,NA,NA,NA,1,33,35,NA,5,2,NA,NA,NA,28079047,599
"51999","2018-01-02 08:00:00",NA,NA,NA,NA,NA,10,40,56,NA,6,3,NA,NA,NA,28079048,676
"52000","2018-01-02 08:00:00",NA,NA,NA,NA,NA,1,22,23,60,NA,NA,NA,NA,NA,28079049,662
"52001","2018-01-02 08:00:00",NA,NA,NA,NA,NA,53,54,135,NA,7,5,NA,NA,NA,28079050,728
"52002","2018-01-02 08:00:00",NA,NA,NA,NA,NA,3,32,36,50,NA,NA,NA,NA,NA,28079054,627
"52003","2018-01-02 08:00:00",0.400000005960464,1.14999997615814,NA,0.100000001490116,0.0399999991059303,2,22,25,NA,9,NA,NA,1.19000005722046,0.600000023841858,28079055,618
"52004","2018-01-02 08:00:00",NA,NA,0.300000011920929,NA,NA,44,66,134,32,NA,NA,NA,NA,NA,28079056,604
"52005","2018-01-02 08:00:00",NA,NA,0.200000002980232,NA,NA,2,20,23,NA,11,NA,2,NA,NA,28079057,700
"52006","2018-01-02 08:00:00",NA,NA,NA,NA,NA,1,2,3,82,NA,NA,NA,NA,NA,28079058,615
"52007","2018-01-02 08:00:00",NA,NA,NA,NA,NA,2,23,26,61,NA,NA,NA,NA,NA,28079059,660
"52008","2018-01-02 08:00:00",NA,NA,NA,NA,NA,1,23,26,63,13,NA,NA,NA,NA,28079060,715
"52009","2018-01-02 09:00:00",NA,NA,0.400000005960464,NA,NA,6,48,57,NA,NA,NA,1,NA,NA,28079004,635
"52010","2018-01-02 09:00:00",1,1.39999997615814,0.5,0.200000002980232,0.0399999991059303,37,86,143,20,10,6,4,1.44000005722046,1.20000004768372,28079008,670
"52011","2018-01-02 09:00:00",0.300000011920929,NA,NA,0.100000001490116,NA,18,44,72,NA,NA,NA,NA,NA,0.300000011920929,28079011,708
"52012","2018-01-02 09:00:00",NA,NA,0.400000005960464,NA,NA,9,58,72,34,NA,NA,NA,NA,NA,28079016,693
"52013","2018-01-02 09:00:00",NA,NA,NA,NA,NA,26,75,115,30,NA,NA,4,NA,NA,28079017,604
"52014","2018-01-02 09:00:00",0.300000011920929,NA,0.400000005960464,0.100000001490116,NA,12,62,79,25,3,NA,6,NA,0.600000023841858,28079018,630
"52015","2018-01-02 09:00:00",0.200000002980232,1.11000001430511,0.200000002980232,0.100000001490116,0.0199999995529652,1,5,6,79,6,1,3,1.12999999523163,0.200000002980232,28079024,642
"52016","2018-01-02 09:00:00",NA,NA,NA,NA,NA,3,27,31,55,NA,NA,NA,NA,NA,28079027,621
"52017","2018-01-02 09:00:00",NA,NA,0.300000011920929,NA,NA,6,45,54,23,NA,NA,6,NA,NA,28079035,659
"52018","2018-01-02 09:00:00",NA,NA,0.300000011920929,NA,NA,13,57,77,NA,11,NA,9,NA,NA,28079036,685
"52019","2018-01-02 09:00:00",0.300000011920929,NA,NA,0.200000002980232,NA,6,27,37,NA,5,2,4,NA,0.300000011920929,28079038,698
"52020","2018-01-02 09:00:00",NA,NA,0.300000011920929,NA,NA,19,47,75,44,NA,NA,NA,NA,NA,28079039,674
"52021","2018-01-02 09:00:00",NA,NA,NA,NA,NA,6,47,57,NA,13,NA,3,NA,NA,28079040,677
"52022","2018-01-02 09:00:00",NA,NA,NA,NA,NA,2,43,46,NA,5,2,NA,NA,NA,28079047,599
"52023","2018-01-02 09:00:00",NA,NA,NA,NA,NA,11,50,67,NA,6,2,NA,NA,NA,28079048,676
"52024","2018-01-02 09:00:00",NA,NA,NA,NA,NA,3,39,43,43,NA,NA,NA,NA,NA,28079049,662
"52025","2018-01-02 09:00:00",NA,NA,NA,NA,NA,43,57,123,NA,4,2,NA,NA,NA,28079050,728
"52026","2018-01-02 09:00:00",NA,NA,NA,NA,NA,7,51,62,33,NA,NA,NA,NA,NA,28079054,627
"52027","2018-01-02 09:00:00",0.5,1.1599999666214,NA,0.100000001490116,0.0399999991059303,5,37,45,NA,9,NA,NA,1.20000004768372,1,28079055,618
"52028","2018-01-02 09:00:00",NA,NA,0.5,NA,NA,108,112,277,6,NA,NA,NA,NA,NA,28079056,604
"52029","2018-01-02 09:00:00",NA,NA,0.300000011920929,NA,NA,4,48,54,NA,12,NA,1,NA,NA,28079057,700
"52030","2018-01-02 09:00:00",NA,NA,NA,NA,NA,1,4,5,79,NA,NA,NA,NA,NA,28079058,615
"52031","2018-01-02 09:00:00",NA,NA,NA,NA,NA,4,36,42,51,NA,NA,NA,NA,NA,28079059,660
"52032","2018-01-02 09:00:00",NA,NA,NA,NA,NA,4,36,42,53,11,NA,NA,NA,NA,28079060,715
"52033","2018-01-02 10:00:00",NA,NA,0.300000011920929,NA,NA,3,35,39,NA,NA,NA,1,NA,NA,28079004,635
"52034","2018-01-02 10:00:00",1,1.38999998569489,0.5,0.200000002980232,0.0599999986588955,35,82,135,22,9,5,4,1.45000004768372,1.79999995231628,28079008,670
"52035","2018-01-02 10:00:00",0.5,NA,NA,0.100000001490116,NA,16,46,71,NA,NA,NA,NA,NA,1,28079011,708
"52036","2018-01-02 10:00:00",NA,NA,0.300000011920929,NA,NA,5,39,46,49,NA,NA,NA,NA,NA,28079016,693
"52037","2018-01-02 10:00:00",NA,NA,NA,NA,NA,40,77,139,14,NA,NA,4,NA,NA,28079017,604
"52038","2018-01-02 10:00:00",0.600000023841858,NA,0.400000005960464,0.300000011920929,NA,15,53,75,33,6,NA,6,NA,2,28079018,630
"52039","2018-01-02 10:00:00",0.300000011920929,1.11000001430511,0.200000002980232,0.100000001490116,0.0199999995529652,1,8,9,74,4,1,3,1.12999999523163,0.200000002980232,28079024,642
"52040","2018-01-02 10:00:00",NA,NA,NA,NA,NA,31,64,112,26,NA,NA,NA,NA,NA,28079027,621
"52041","2018-01-02 10:00:00",NA,NA,0.300000011920929,NA,NA,8,51,64,19,NA,NA,6,NA,NA,28079035,659
"52042","2018-01-02 10:00:00",NA,NA,0.300000011920929,NA,NA,12,56,74,NA,12,NA,9,NA,NA,28079036,685
"52043","2018-01-02 10:00:00",0.400000005960464,NA,NA,0.200000002980232,NA,8,30,41,NA,5,2,5,NA,0.600000023841858,28079038,698
"52044","2018-01-02 10:00:00",NA,NA,0.300000011920929,NA,NA,15,47,71,46,NA,NA,NA,NA,NA,28079039,674
"52045","2018-01-02 10:00:00",NA,NA,NA,NA,NA,16,55,80,NA,11,NA,3,NA,NA,28079040,677
"52046","2018-01-02 10:00:00",NA,NA,NA,NA,NA,5,51,59,NA,4,1,NA,NA,NA,28079047,599
"52047","2018-01-02 10:00:00",NA,NA,NA,NA,NA,8,43,55,NA,7,4,NA,NA,NA,28079048,676
"52048","2018-01-02 10:00:00",NA,NA,NA,NA,NA,4,51,57,33,NA,NA,NA,NA,NA,28079049,662
"52049","2018-01-02 10:00:00",NA,NA,NA,NA,NA,49,60,135,NA,4,2,NA,NA,NA,28079050,728
"52050","2018-01-02 10:00:00",NA,NA,NA,NA,NA,10,53,68,30,NA,NA,NA,NA,NA,28079054,627
"52051","2018-01-02 10:00:00",0.699999988079071,1.39999997615814,NA,0.100000001490116,0.100000001490116,95,91,237,NA,14,NA,NA,1.49000000953674,1.5,28079055,618
"52052","2018-01-02 10:00:00",NA,NA,0.300000011920929,NA,NA,52,82,161,19,NA,NA,NA,NA,NA,28079056,604
"52053","2018-01-02 10:00:00",NA,NA,0.300000011920929,NA,NA,6,37,47,NA,14,NA,1,NA,NA,28079057,700
"52054","2018-01-02 10:00:00",NA,NA,NA,NA,NA,1,5,7,77,NA,NA,NA,NA,NA,28079058,615
"52055","2018-01-02 10:00:00",NA,NA,NA,NA,NA,3,26,30,58,NA,NA,NA,NA,NA,28079059,660
"52056","2018-01-02 10:00:00",NA,NA,NA,NA,NA,5,31,38,58,15,NA,NA,NA,NA,28079060,715
"52057","2018-01-02 11:00:00",NA,NA,0.300000011920929,NA,NA,5,35,43,NA,NA,NA,1,NA,NA,28079004,635
"52058","2018-01-02 11:00:00",1.10000002384186,1.39999997615814,0.5,0.300000011920929,0.0500000007450581,42,71,135,23,12,7,3,1.45000004768372,2.29999995231628,28079008,670
"52059","2018-01-02 11:00:00",0.300000011920929,NA,NA,0.100000001490116,NA,10,39,54,NA,NA,NA,NA,NA,1,28079011,708
"52060","2018-01-02 11:00:00",NA,NA,0.400000005960464,NA,NA,12,49,68,32,NA,NA,NA,NA,NA,28079016,693
"52061","2018-01-02 11:00:00",NA,NA,NA,NA,NA,11,35,52,38,NA,NA,3,NA,NA,28079017,604
"52062","2018-01-02 11:00:00",0.300000011920929,NA,0.300000011920929,0.100000001490116,NA,9,36,49,36,6,NA,6,NA,0.899999976158142,28079018,630
"52063","2018-01-02 11:00:00",0.300000011920929,1.12000000476837,0.200000002980232,0.100000001490116,0.0199999995529652,3,17,22,47,11,7,3,1.13999998569489,0.600000023841858,28079024,642
"52064","2018-01-02 11:00:00",NA,NA,NA,NA,NA,55,76,160,17,NA,NA,NA,NA,NA,28079027,621
"52065","2018-01-02 11:00:00",NA,NA,0.400000005960464,NA,NA,7,42,53,17,NA,NA,6,NA,NA,28079035,659
"52066","2018-01-02 11:00:00",NA,NA,0.300000011920929,NA,NA,15,47,70,NA,13,NA,9,NA,NA,28079036,685
"52067","2018-01-02 11:00:00",0.400000005960464,NA,NA,0.200000002980232,NA,15,36,59,NA,3,1,4,NA,1.10000002384186,28079038,698
"52068","2018-01-02 11:00:00",NA,NA,0.300000011920929,NA,NA,20,41,71,39,NA,NA,NA,NA,NA,28079039,674
"52069","2018-01-02 11:00:00",NA,NA,NA,NA,NA,18,44,72,NA,19,NA,3,NA,NA,28079040,677
"52070","2018-01-02 11:00:00",NA,NA,NA,NA,NA,6,34,43,NA,7,3,NA,NA,NA,28079047,599
"52071","2018-01-02 11:00:00",NA,NA,NA,NA,NA,14,44,66,NA,10,6,NA,NA,NA,28079048,676
"52072","2018-01-02 11:00:00",NA,NA,NA,NA,NA,4,35,41,38,NA,NA,NA,NA,NA,28079049,662
"52073","2018-01-02 11:00:00",NA,NA,NA,NA,NA,36,44,99,NA,5,3,NA,NA,NA,28079050,728
"52074","2018-01-02 11:00:00",NA,NA,NA,NA,NA,12,39,58,30,NA,NA,NA,NA,NA,28079054,627
"52075","2018-01-02 11:00:00",0.899999976158142,1.25,NA,0.100000001490116,0.0900000035762787,59,73,163,NA,27,NA,NA,1.35000002384186,4,28079055,618
"52076","2018-01-02 11:00:00",NA,NA,0.300000011920929,NA,NA,19,37,66,36,NA,NA,NA,NA,NA,28079056,604
"52077","2018-01-02 11:00:00",NA,NA,0.300000011920929,NA,NA,6,29,39,NA,16,NA,1,NA,NA,28079057,700
"52078","2018-01-02 11:00:00",NA,NA,NA,NA,NA,1,7,8,67,NA,NA,NA,NA,NA,28079058,615
"52079","2018-01-02 11:00:00",NA,NA,NA,NA,NA,7,35,46,44,NA,NA,NA,NA,NA,28079059,660
"52080","2018-01-02 11:00:00",NA,NA,NA,NA,NA,6,27,36,57,22,NA,NA,NA,NA,28079060,715
"52081","2018-01-02 12:00:00",NA,NA,0.300000011920929,NA,NA,6,34,44,NA,NA,NA,1,NA,NA,28079004,635
"52082","2018-01-02 12:00:00",0.899999976158142,NA,NA,0.300000011920929,NA,NA,NA,NA,NA,14,9,NA,NA,2.09999990463257,28079008,670
"52083","2018-01-02 12:00:00",0.400000005960464,NA,NA,0.100000001490116,NA,20,44,75,NA,NA,NA,NA,NA,0.899999976158142,28079011,708
"52084","2018-01-02 12:00:00",NA,NA,0.400000005960464,NA,NA,20,46,77,30,NA,NA,NA,NA,NA,28079016,693
"52085","2018-01-02 12:00:00",NA,NA,NA,NA,NA,11,33,49,37,NA,NA,3,NA,NA,28079017,604
"52086","2018-01-02 12:00:00",0.300000011920929,NA,0.300000011920929,0.100000001490116,NA,12,35,54,39,12,NA,6,NA,0.899999976158142,28079018,630
"52087","2018-01-02 12:00:00",0.400000005960464,1.12000000476837,0.200000002980232,0.100000001490116,0.0199999995529652,3,11,16,54,14,9,3,1.13999998569489,0.600000023841858,28079024,642
"52088","2018-01-02 12:00:00",NA,NA,NA,NA,NA,9,27,40,49,NA,NA,NA,NA,NA,28079027,621
"52089","2018-01-02 12:00:00",NA,NA,0.300000011920929,NA,NA,8,34,46,23,NA,NA,6,NA,NA,28079035,659
"52090","2018-01-02 12:00:00",NA,NA,0.300000011920929,NA,NA,26,49,88,NA,20,NA,10,NA,NA,28079036,685
"52091","2018-01-02 12:00:00",0.600000023841858,NA,NA,0.300000011920929,NA,24,41,78,NA,7,4,4,NA,1.29999995231628,28079038,698
"52092","2018-01-02 12:00:00",NA,NA,0.300000011920929,NA,NA,26,41,81,33,NA,NA,NA,NA,NA,28079039,674
"52093","2018-01-02 12:00:00",NA,NA,NA,NA,NA,27,49,90,NA,22,NA,3,NA,NA,28079040,677
"52094","2018-01-02 12:00:00",NA,NA,NA,NA,NA,10,36,51,NA,16,11,NA,NA,NA,28079047,599
"52095","2018-01-02 12:00:00",NA,NA,NA,NA,NA,30,52,99,NA,10,6,NA,NA,NA,28079048,676
"52096","2018-01-02 12:00:00",NA,NA,NA,NA,NA,6,31,41,38,NA,NA,NA,NA,NA,28079049,662
"52097","2018-01-02 12:00:00",NA,NA,NA,NA,NA,34,38,90,NA,5,2,NA,NA,NA,28079050,728
"52098","2018-01-02 12:00:00",NA,NA,NA,NA,NA,13,28,48,40,NA,NA,NA,NA,NA,28079054,627
"52099","2018-01-02 12:00:00",0.699999988079071,1.16999995708466,NA,0.100000001490116,0.0500000007450581,12,37,55,NA,18,NA,NA,1.22000002861023,3.29999995231628,28079055,618
"52100","2018-01-02 12:00:00",NA,NA,0.300000011920929,NA,NA,30,40,86,39,NA,NA,NA,NA,NA,28079056,604
"52101","2018-01-02 12:00:00",NA,NA,0.300000011920929,NA,NA,9,24,38,NA,18,NA,1,NA,NA,28079057,700
"52102","2018-01-02 12:00:00",NA,NA,NA,NA,NA,2,7,11,64,NA,NA,NA,NA,NA,28079058,615
"52103","2018-01-02 12:00:00",NA,NA,NA,NA,NA,9,24,38,52,NA,NA,NA,NA,NA,28079059,660
"52104","2018-01-02 12:00:00",NA,NA,NA,NA,NA,9,32,46,45,27,NA,NA,NA,NA,28079060,715
"52105","2018-01-02 13:00:00",NA,NA,0.300000011920929,NA,NA,7,33,43,NA,NA,NA,1,NA,NA,28079004,635
"52106","2018-01-02 13:00:00",0.899999976158142,1.38999998569489,0.400000005960464,0.400000005960464,0.0399999991059303,36,56,110,36,14,10,3,1.44000005722046,2.29999995231628,28079008,670
"52107","2018-01-02 13:00:00",0.5,NA,NA,0.100000001490116,NA,21,46,78,NA,NA,NA,NA,NA,1.70000004768372,28079011,708
"52108","2018-01-02 13:00:00",NA,NA,0.400000005960464,NA,NA,19,44,73,35,NA,NA,NA,NA,NA,28079016,693
"52109","2018-01-02 13:00:00",NA,NA,NA,NA,NA,8,25,38,44,NA,NA,4,NA,NA,28079017,604
"52110","2018-01-02 13:00:00",0.300000011920929,NA,0.300000011920929,0.200000002980232,NA,13,35,56,42,9,NA,6,NA,3.70000004768372,28079018,630
"52111","2018-01-02 13:00:00",0.400000005960464,1.12000000476837,0.200000002980232,0.100000001490116,0.0199999995529652,3,10,15,58,13,8,3,1.13999998569489,0.899999976158142,28079024,642
"52112","2018-01-02 13:00:00",NA,NA,NA,NA,NA,12,38,57,41,NA,NA,NA,NA,NA,28079027,621
"52113","2018-01-02 13:00:00",NA,NA,0.600000023841858,NA,NA,6,29,37,27,NA,NA,7,NA,NA,28079035,659
"52114","2018-01-02 13:00:00",NA,NA,0.300000011920929,NA,NA,23,46,81,NA,19,NA,11,NA,NA,28079036,685
"52115","2018-01-02 13:00:00",0.600000023841858,NA,NA,0.400000005960464,NA,21,35,67,NA,10,7,6,NA,1.60000002384186,28079038,698
"52116","2018-01-02 13:00:00",NA,NA,0.300000011920929,NA,NA,20,36,67,45,NA,NA,NA,NA,NA,28079039,674
"52117","2018-01-02 13:00:00",NA,NA,NA,NA,NA,21,43,76,NA,25,NA,4,NA,NA,28079040,677
"52118","2018-01-02 13:00:00",NA,NA,NA,NA,NA,10,33,49,NA,9,4,NA,NA,NA,28079047,599
"52119","2018-01-02 13:00:00",NA,NA,NA,NA,NA,22,43,77,NA,14,8,NA,NA,NA,28079048,676
"52120","2018-01-02 13:00:00",NA,NA,NA,NA,NA,5,26,34,45,NA,NA,NA,NA,NA,28079049,662
"52121","2018-01-02 13:00:00",NA,NA,NA,NA,NA,29,35,80,NA,8,6,NA,NA,NA,28079050,728
"52122","2018-01-02 13:00:00",NA,NA,NA,NA,NA,10,25,41,47,NA,NA,NA,NA,NA,28079054,627
"52123","2018-01-02 13:00:00",0.899999976158142,1.16999995708466,NA,0.100000001490116,0.0599999986588955,20,52,82,NA,19,NA,NA,1.24000000953674,2.70000004768372,28079055,618
"52124","2018-01-02 13:00:00",NA,NA,0.300000011920929,NA,NA,24,36,72,45,NA,NA,NA,NA,NA,28079056,604
"52125","2018-01-02 13:00:00",NA,NA,0.300000011920929,NA,NA,8,22,35,NA,14,NA,1,NA,NA,28079057,700
"52126","2018-01-02 13:00:00",NA,NA,NA,NA,NA,2,7,10,67,NA,NA,NA,NA,NA,28079058,615
"52127","2018-01-02 13:00:00",NA,NA,NA,NA,NA,7,21,33,56,NA,NA,NA,NA,NA,28079059,660
"52128","2018-01-02 13:00:00",NA,NA,NA,NA,NA,8,25,38,57,13,NA,NA,NA,NA,28079060,715
"52129","2018-01-02 14:00:00",NA,NA,0.300000011920929,NA,NA,6,33,42,NA,NA,NA,1,NA,NA,28079004,635
"52130","2018-01-02 14:00:00",0.699999988079071,1.37999999523163,0.400000005960464,0.200000002980232,0.0299999993294477,30,53,99,39,9,5,3,1.41999995708466,1.60000002384186,28079008,670
"52131","2018-01-02 14:00:00",0.400000005960464,NA,NA,0.100000001490116,NA,10,34,50,NA,NA,NA,NA,NA,1.5,28079011,708
"52132","2018-01-02 14:00:00",NA,NA,0.300000011920929,NA,NA,11,36,54,44,NA,NA,NA,NA,NA,28079016,693
"52133","2018-01-02 14:00:00",NA,NA,NA,NA,NA,8,32,45,41,NA,NA,4,NA,NA,28079017,604
"52134","2018-01-02 14:00:00",0.300000011920929,NA,0.300000011920929,0.100000001490116,NA,9,27,41,50,10,NA,6,NA,1.10000002384186,28079018,630
"52135","2018-01-02 14:00:00",0.400000005960464,1.12000000476837,0.200000002980232,0.100000001490116,0.0199999995529652,3,11,16,60,14,8,3,1.13999998569489,0.5,28079024,642
"52136","2018-01-02 14:00:00",NA,NA,NA,NA,NA,11,33,51,46,NA,NA,NA,NA,NA,28079027,621
"52137","2018-01-02 14:00:00",NA,NA,0.899999976158142,NA,NA,4,30,37,27,NA,NA,8,NA,NA,28079035,659
"52138","2018-01-02 14:00:00",NA,NA,0.200000002980232,NA,NA,13,36,56,NA,20,NA,10,NA,NA,28079036,685
"52139","2018-01-02 14:00:00",0.5,NA,NA,0.300000011920929,NA,13,27,47,NA,7,3,6,NA,1.10000002384186,28079038,698
"52140","2018-01-02 14:00:00",NA,NA,0.300000011920929,NA,NA,20,37,68,44,NA,NA,NA,NA,NA,28079039,674
"52141","2018-01-02 14:00:00",NA,NA,NA,NA,NA,10,28,43,NA,24,NA,3,NA,NA,28079040,677
"52142","2018-01-02 14:00:00",NA,NA,NA,NA,NA,6,26,35,NA,9,4,NA,NA,NA,28079047,599
"52143","2018-01-02 14:00:00",NA,NA,NA,NA,NA,15,40,63,NA,11,6,NA,NA,NA,28079048,676
"52144","2018-01-02 14:00:00",NA,NA,NA,NA,NA,4,27,34,48,NA,NA,NA,NA,NA,28079049,662
"52145","2018-01-02 14:00:00",NA,NA,NA,NA,NA,25,36,75,NA,7,6,NA,NA,NA,28079050,728
"52146","2018-01-02 14:00:00",NA,NA,NA,NA,NA,7,22,33,52,NA,NA,NA,NA,NA,28079054,627
"52147","2018-01-02 14:00:00",0.699999988079071,1.16999995708466,NA,0.300000011920929,0.0500000007450581,14,38,59,NA,21,NA,NA,1.22000002861023,2.90000009536743,28079055,618
"52148","2018-01-02 14:00:00",NA,NA,0.300000011920929,NA,NA,24,35,72,49,NA,NA,NA,NA,NA,28079056,604
"52149","2018-01-02 14:00:00",NA,NA,0.300000011920929,NA,NA,12,30,48,NA,11,NA,1,NA,NA,28079057,700
"52150","2018-01-02 14:00:00",NA,NA,NA,NA,NA,2,7,10,66,NA,NA,NA,NA,NA,28079058,615
"52151","2018-01-02 14:00:00",NA,NA,NA,NA,NA,8,24,37,53,NA,NA,NA,NA,NA,28079059,660
"52152","2018-01-02 14:00:00",NA,NA,NA,NA,NA,6,24,34,57,5,NA,NA,NA,NA,28079060,715
"52153","2018-01-02 15:00:00",NA,NA,0.400000005960464,NA,NA,8,39,52,NA,NA,NA,1,NA,NA,28079004,635
"52154","2018-01-02 15:00:00",1,1.38999998569489,0.400000005960464,0.400000005960464,0.0500000007450581,34,58,111,39,12,7,3,1.42999994754791,2.40000009536743,28079008,670
"52155","2018-01-02 15:00:00",0.400000005960464,NA,NA,0.100000001490116,NA,13,35,56,NA,NA,NA,NA,NA,1.20000004768372,28079011,708
"52156","2018-01-02 15:00:00",NA,NA,0.400000005960464,NA,NA,15,43,67,39,NA,NA,NA,NA,NA,28079016,693
"52157","2018-01-02 15:00:00",NA,NA,NA,NA,NA,10,32,46,40,NA,NA,4,NA,NA,28079017,604
"52158","2018-01-02 15:00:00",0.300000011920929,NA,0.300000011920929,0.200000002980232,NA,7,22,33,53,9,NA,6,NA,1.29999995231628,28079018,630
"52159","2018-01-02 15:00:00",0.300000011920929,1.12000000476837,0.200000002980232,0.100000001490116,0.0199999995529652,4,12,18,63,13,8,4,1.14999997615814,0.5,28079024,642
"52160","2018-01-02 15:00:00",NA,NA,NA,NA,NA,10,30,45,50,NA,NA,NA,NA,NA,28079027,621
"52161","2018-01-02 15:00:00",NA,NA,1.10000002384186,NA,NA,5,32,39,28,NA,NA,9,NA,NA,28079035,659
"52162","2018-01-02 15:00:00",NA,NA,0.300000011920929,NA,NA,16,33,57,NA,18,NA,9,NA,NA,28079036,685
"52163","2018-01-02 15:00:00",0.5,NA,NA,0.300000011920929,NA,14,32,54,NA,9,5,7,NA,0.899999976158142,28079038,698
"52164","2018-01-02 15:00:00",NA,NA,0.300000011920929,NA,NA,14,33,55,50,NA,NA,NA,NA,NA,28079039,674
"52165","2018-01-02 15:00:00",NA,NA,NA,NA,NA,10,26,41,NA,16,NA,3,NA,NA,28079040,677
"52166","2018-01-02 15:00:00",NA,NA,NA,NA,NA,NA,NA,NA,NA,11,5,NA,NA,NA,28079047,599
"52167","2018-01-02 15:00:00",NA,NA,NA,NA,NA,17,42,69,NA,14,8,NA,NA,NA,28079048,676
"52168","2018-01-02 15:00:00",NA,NA,NA,NA,NA,5,26,33,50,NA,NA,NA,NA,NA,28079049,662
"52169","2018-01-02 15:00:00",NA,NA,NA,NA,NA,35,41,94,NA,8,7,NA,NA,NA,28079050,728
"52170","2018-01-02 15:00:00",NA,NA,NA,NA,NA,5,15,23,58,NA,NA,NA,NA,NA,28079054,627
"52171","2018-01-02 15:00:00",0.600000023841858,1.16999995708466,NA,0.100000001490116,0.0500000007450581,11,33,50,NA,19,NA,NA,1.22000002861023,2.59999990463257,28079055,618
"52172","2018-01-02 15:00:00",NA,NA,0.200000002980232,NA,NA,22,29,63,52,NA,NA,NA,NA,NA,28079056,604
"52173","2018-01-02 15:00:00",NA,NA,0.300000011920929,NA,NA,11,26,43,NA,14,NA,1,NA,NA,28079057,700
"52174","2018-01-02 15:00:00",NA,NA,NA,NA,NA,2,6,8,69,NA,NA,NA,NA,NA,28079058,615
"52175","2018-01-02 15:00:00",NA,NA,NA,NA,NA,10,29,44,50,NA,NA,NA,NA,NA,28079059,660
"52176","2018-01-02 15:00:00",NA,NA,NA,NA,NA,6,24,33,61,11,NA,NA,NA,NA,28079060,715
"52177","2018-01-02 16:00:00",NA,NA,0.300000011920929,NA,NA,7,36,46,NA,NA,NA,1,NA,NA,28079004,635
"52178","2018-01-02 16:00:00",0.800000011920929,1.38999998569489,0.400000005960464,0.300000011920929,0.0299999993294477,27,50,91,39,10,6,3,1.41999995708466,1.79999995231628,28079008,670
"52179","2018-01-02 16:00:00",0.400000005960464,NA,NA,0.100000001490116,NA,10,32,47,NA,NA,NA,NA,NA,0.699999988079071,28079011,708
"52180","2018-01-02 16:00:00",NA,NA,0.300000011920929,NA,NA,8,34,47,44,NA,NA,NA,NA,NA,28079016,693
"52181","2018-01-02 16:00:00",NA,NA,NA,NA,NA,6,25,34,45,NA,NA,4,NA,NA,28079017,604
"52182","2018-01-02 16:00:00",0.200000002980232,NA,0.300000011920929,0.100000001490116,NA,7,22,33,49,9,NA,6,NA,0.899999976158142,28079018,630
"52183","2018-01-02 16:00:00",0.400000005960464,1.12999999523163,0.200000002980232,0.100000001490116,0.0199999995529652,3,12,17,57,12,6,3,1.14999997615814,0.800000011920929,28079024,642
"52184","2018-01-02 16:00:00",NA,NA,NA,NA,NA,7,36,48,42,NA,NA,NA,NA,NA,28079027,621
"52185","2018-01-02 16:00:00",NA,NA,1.29999995231628,NA,NA,5,30,38,25,NA,NA,9,NA,NA,28079035,659
"52186","2018-01-02 16:00:00",NA,NA,0.200000002980232,NA,NA,14,31,52,NA,19,NA,9,NA,NA,28079036,685
"52187","2018-01-02 16:00:00",0.5,NA,NA,0.300000011920929,NA,12,28,46,NA,6,2,5,NA,0.899999976158142,28079038,698
"52188","2018-01-02 16:00:00",NA,NA,0.300000011920929,NA,NA,13,35,55,41,NA,NA,NA,NA,NA,28079039,674
"52189","2018-01-02 16:00:00",NA,NA,NA,NA,NA,8,24,37,NA,18,NA,2,NA,NA,28079040,677
"52190","2018-01-02 16:00:00",NA,NA,NA,NA,NA,5,23,30,NA,13,9,NA,NA,NA,28079047,599
"52191","2018-01-02 16:00:00",NA,NA,NA,NA,NA,14,39,60,NA,10,5,NA,NA,NA,28079048,676
"52192","2018-01-02 16:00:00",NA,NA,NA,NA,NA,4,22,28,47,NA,NA,NA,NA,NA,28079049,662
"52193","2018-01-02 16:00:00",NA,NA,NA,NA,NA,35,42,95,NA,8,7,NA,NA,NA,28079050,728
"52194","2018-01-02 16:00:00",NA,NA,NA,NA,NA,4,17,24,55,NA,NA,NA,NA,NA,28079054,627
"52195","2018-01-02 16:00:00",0.699999988079071,1.16999995708466,NA,0.200000002980232,0.0500000007450581,7,33,44,NA,19,NA,NA,1.22000002861023,2.59999990463257,28079055,618
"52196","2018-01-02 16:00:00",NA,NA,0.200000002980232,NA,NA,18,27,55,50,NA,NA,NA,NA,NA,28079056,604
"52197","2018-01-02 16:00:00",NA,NA,0.300000011920929,NA,NA,9,28,41,NA,22,NA,1,NA,NA,28079057,700
"52198","2018-01-02 16:00:00",NA,NA,NA,NA,NA,1,7,9,65,NA,NA,NA,NA,NA,28079058,615
"52199","2018-01-02 16:00:00",NA,NA,NA,NA,NA,7,29,40,46,NA,NA,NA,NA,NA,28079059,660
"52200","2018-01-02 16:00:00",NA,NA,NA,NA,NA,5,24,31,52,32,NA,NA,NA,NA,28079060,715
"52201","2018-01-02 17:00:00",NA,NA,0.300000011920929,NA,NA,6,36,46,NA,NA,NA,1,NA,NA,28079004,635
"52202","2018-01-02 17:00:00",0.800000011920929,1.38999998569489,0.400000005960464,0.300000011920929,0.0299999993294477,24,53,90,32,11,6,3,1.41999995708466,1.79999995231628,28079008,670
"52203","2018-01-02 17:00:00",0.400000005960464,NA,NA,0.100000001490116,NA,9,35,49,NA,NA,NA,NA,NA,0.800000011920929,28079011,708
"52204","2018-01-02 17:00:00",NA,NA,0.300000011920929,NA,NA,11,44,61,30,NA,NA,NA,NA,NA,28079016,693
"52205","2018-01-02 17:00:00",NA,NA,NA,NA,NA,7,30,40,37,NA,NA,4,NA,NA,28079017,604
"52206","2018-01-02 17:00:00",0.300000011920929,NA,0.300000011920929,0.100000001490116,NA,6,27,37,42,10,NA,5,NA,0.699999988079071,28079018,630
"52207","2018-01-02 17:00:00",0.300000011920929,1.12999999523163,0.200000002980232,0.100000001490116,0.00999999977648258,NA,NA,NA,57,11,6,3,1.13999998569489,0.600000023841858,28079024,642
"52208","2018-01-02 17:00:00",NA,NA,NA,NA,NA,9,42,56,33,NA,NA,NA,NA,NA,28079027,621
"52209","2018-01-02 17:00:00",NA,NA,1.29999995231628,NA,NA,4,30,37,22,NA,NA,8,NA,NA,28079035,659
"52210","2018-01-02 17:00:00",NA,NA,0.200000002980232,NA,NA,11,38,55,NA,19,NA,8,NA,NA,28079036,685
"52211","2018-01-02 17:00:00",0.400000005960464,NA,NA,0.300000011920929,NA,10,29,45,NA,8,4,4,NA,0.800000011920929,28079038,698
"52212","2018-01-02 17:00:00",NA,NA,0.300000011920929,NA,NA,15,37,61,35,NA,NA,NA,NA,NA,28079039,674
"52213","2018-01-02 17:00:00",NA,NA,NA,NA,NA,11,34,51,NA,17,NA,2,NA,NA,28079040,677
"52214","2018-01-02 17:00:00",NA,NA,NA,NA,NA,4,29,35,NA,12,8,NA,NA,NA,28079047,599
"52215","2018-01-02 17:00:00",NA,NA,NA,NA,NA,16,45,70,NA,10,5,NA,NA,NA,28079048,676
"52216","2018-01-02 17:00:00",NA,NA,NA,NA,NA,3,28,33,39,NA,NA,NA,NA,NA,28079049,662
"52217","2018-01-02 17:00:00",NA,NA,NA,NA,NA,33,40,91,NA,8,7,NA,NA,NA,28079050,728
"52218","2018-01-02 17:00:00",NA,NA,NA,NA,NA,4,25,31,45,NA,NA,NA,NA,NA,28079054,627
"52219","2018-01-02 17:00:00",0.600000023841858,1.17999994754791,NA,0.100000001490116,0.0500000007450581,9,43,57,NA,22,NA,NA,1.23000001907349,2.40000009536743,28079055,618
"52220","2018-01-02 17:00:00",NA,NA,0.200000002980232,NA,NA,19,37,66,39,NA,NA,NA,NA,NA,28079056,604
"52221","2018-01-02 17:00:00",NA,NA,0.300000011920929,NA,NA,11,33,50,NA,23,NA,1,NA,NA,28079057,700
"52222","2018-01-02 17:00:00",NA,NA,NA,NA,NA,1,7,9,56,NA,NA,NA,NA,NA,28079058,615
"52223","2018-01-02 17:00:00",NA,NA,NA,NA,NA,7,33,44,37,NA,NA,NA,NA,NA,28079059,660
"52224","2018-01-02 17:00:00",NA,NA,NA,NA,NA,7,24,34,46,26,NA,NA,NA,NA,28079060,715
"52225","2018-01-02 18:00:00",NA,NA,0.300000011920929,NA,NA,4,34,40,NA,NA,NA,1,NA,NA,28079004,635
"52226","2018-01-02 18:00:00",0.800000011920929,1.39999997615814,0.400000005960464,0.300000011920929,0.0399999991059303,30,62,108,24,13,8,3,1.42999994754791,1.70000004768372,28079008,670
"52227","2018-01-02 18:00:00",0.400000005960464,NA,NA,0.100000001490116,NA,9,39,52,NA,NA,NA,NA,NA,1.5,28079011,708
"52228","2018-01-02 18:00:00",NA,NA,0.300000011920929,NA,NA,8,46,59,28,NA,NA,NA,NA,NA,28079016,693
"52229","2018-01-02 18:00:00",NA,NA,NA,NA,NA,11,43,60,26,NA,NA,4,NA,NA,28079017,604
"52230","2018-01-02 18:00:00",0.300000011920929,NA,0.300000011920929,0.100000001490116,NA,6,42,51,32,8,NA,6,NA,1.10000002384186,28079018,630
"52231","2018-01-02 18:00:00",0.300000011920929,1.12999999523163,0.200000002980232,0.100000001490116,0.00999999977648258,1,9,11,51,10,5,NA,1.13999998569489,0.300000011920929,28079024,642
"52232","2018-01-02 18:00:00",NA,NA,NA,NA,NA,8,47,59,26,NA,NA,NA,NA,NA,28079027,621
"52233","2018-01-02 18:00:00",NA,NA,0.899999976158142,NA,NA,3,31,35,22,NA,NA,7,NA,NA,28079035,659
"52234","2018-01-02 18:00:00",NA,NA,0.300000011920929,NA,NA,11,49,65,NA,20,NA,9,NA,NA,28079036,685
"52235","2018-01-02 18:00:00",0.400000005960464,NA,NA,0.300000011920929,NA,10,33,48,NA,12,8,4,NA,0.899999976158142,28079038,698
"52236","2018-01-02 18:00:00",NA,NA,0.300000011920929,NA,NA,17,45,71,28,NA,NA,NA,NA,NA,28079039,674
"52237","2018-01-02 18:00:00",NA,NA,NA,NA,NA,12,46,64,NA,22,NA,2,NA,NA,28079040,677
"52238","2018-01-02 18:00:00",NA,NA,NA,NA,NA,4,40,46,NA,16,11,NA,NA,NA,28079047,599
"52239","2018-01-02 18:00:00",NA,NA,NA,NA,NA,11,43,59,NA,13,8,NA,NA,NA,28079048,676
"52240","2018-01-02 18:00:00",NA,NA,NA,NA,NA,2,30,33,37,NA,NA,NA,NA,NA,28079049,662
"52241","2018-01-02 18:00:00",NA,NA,NA,NA,NA,34,43,95,NA,6,5,NA,NA,NA,28079050,728
"52242","2018-01-02 18:00:00",NA,NA,NA,NA,NA,4,35,41,33,NA,NA,NA,NA,NA,28079054,627
"52243","2018-01-02 18:00:00",0.699999988079071,1.17999994754791,NA,0.100000001490116,0.0500000007450581,8,48,60,NA,20,NA,NA,1.23000001907349,2.90000009536743,28079055,618
"52244","2018-01-02 18:00:00",NA,NA,0.300000011920929,NA,NA,22,49,83,29,NA,NA,NA,NA,NA,28079056,604
"52245","2018-01-02 18:00:00",NA,NA,0.300000011920929,NA,NA,10,35,50,NA,15,NA,1,NA,NA,28079057,700
"52246","2018-01-02 18:00:00",NA,NA,NA,NA,NA,1,10,11,55,NA,NA,NA,NA,NA,28079058,615
"52247","2018-01-02 18:00:00",NA,NA,NA,NA,NA,5,36,43,33,NA,NA,NA,NA,NA,28079059,660
"52248","2018-01-02 18:00:00",NA,NA,NA,NA,NA,6,29,38,41,15,NA,NA,NA,NA,28079060,715
"52249","2018-01-02 19:00:00",NA,NA,0.300000011920929,NA,NA,4,34,40,NA,NA,NA,1,NA,NA,28079004,635
"52250","2018-01-02 19:00:00",1.10000002384186,1.4099999666214,0.5,0.5,0.0700000002980232,51,78,156,11,13,9,3,1.48000001907349,3.09999990463257,28079008,670
"52251","2018-01-02 19:00:00",0.400000005960464,NA,NA,0.100000001490116,NA,11,49,66,NA,NA,NA,NA,NA,1.20000004768372,28079011,708
"52252","2018-01-02 19:00:00",NA,NA,0.400000005960464,NA,NA,10,57,72,17,NA,NA,NA,NA,NA,28079016,693
"52253","2018-01-02 19:00:00",NA,NA,NA,NA,NA,23,58,93,14,NA,NA,4,NA,NA,28079017,604
"52254","2018-01-02 19:00:00",0.300000011920929,NA,0.300000011920929,0.100000001490116,NA,10,62,77,16,7,NA,6,NA,1.20000004768372,28079018,630
"52255","2018-01-02 19:00:00",0.400000005960464,1.12999999523163,0.200000002980232,0.100000001490116,0.0199999995529652,1,18,19,39,13,8,NA,1.14999997615814,0.800000011920929,28079024,642
"52256","2018-01-02 19:00:00",NA,NA,NA,NA,NA,6,56,66,16,NA,NA,NA,NA,NA,28079027,621
"52257","2018-01-02 19:00:00",NA,NA,0.5,NA,NA,8,43,56,12,NA,NA,6,NA,NA,28079035,659
"52258","2018-01-02 19:00:00",NA,NA,0.400000005960464,NA,NA,34,79,132,NA,19,NA,11,NA,NA,28079036,685
"52259","2018-01-02 19:00:00",0.5,NA,NA,0.400000005960464,NA,20,50,80,NA,11,7,3,NA,1.29999995231628,28079038,698
"52260","2018-01-02 19:00:00",NA,NA,0.400000005960464,NA,NA,27,62,103,14,NA,NA,NA,NA,NA,28079039,674
"52261","2018-01-02 19:00:00",NA,NA,NA,NA,NA,27,77,119,NA,24,NA,3,NA,NA,28079040,677
"52262","2018-01-02 19:00:00",NA,NA,NA,NA,NA,7,65,76,NA,15,9,NA,NA,NA,28079047,599
"52263","2018-01-02 19:00:00",NA,NA,NA,NA,NA,15,53,76,NA,10,5,NA,NA,NA,28079048,676
"52264","2018-01-02 19:00:00",NA,NA,NA,NA,NA,2,44,46,24,NA,NA,NA,NA,NA,28079049,662
"52265","2018-01-02 19:00:00",NA,NA,NA,NA,NA,42,54,119,NA,5,3,NA,NA,NA,28079050,728
"52266","2018-01-02 19:00:00",NA,NA,NA,NA,NA,6,55,64,16,NA,NA,NA,NA,NA,28079054,627
"52267","2018-01-02 19:00:00",0.800000011920929,1.17999994754791,NA,0.100000001490116,0.0599999986588955,14,66,87,NA,20,NA,NA,1.24000000953674,3.40000009536743,28079055,618
"52268","2018-01-02 19:00:00",NA,NA,0.5,NA,NA,28,66,108,16,NA,NA,NA,NA,NA,28079056,604
"52269","2018-01-02 19:00:00",NA,NA,0.400000005960464,NA,NA,14,53,74,NA,20,NA,1,NA,NA,28079057,700
"52270","2018-01-02 19:00:00",NA,NA,NA,NA,NA,1,19,21,43,NA,NA,NA,NA,NA,28079058,615
"52271","2018-01-02 19:00:00",NA,NA,NA,NA,NA,5,48,56,21,NA,NA,NA,NA,NA,28079059,660
"52272","2018-01-02 19:00:00",NA,NA,NA,NA,NA,11,52,68,20,18,NA,NA,NA,NA,28079060,715
"52273","2018-01-02 20:00:00",NA,NA,0.400000005960464,NA,NA,7,38,48,NA,NA,NA,1,NA,NA,28079004,635
"52274","2018-01-02 20:00:00",1.20000004768372,1.4099999666214,0.5,0.400000005960464,0.0500000007450581,47,74,146,11,11,7,3,1.46000003814697,3,28079008,670
"52275","2018-01-02 20:00:00",0.5,NA,NA,0.100000001490116,NA,12,54,72,NA,NA,NA,NA,NA,1,28079011,708
"52276","2018-01-02 20:00:00",NA,NA,0.400000005960464,NA,NA,13,59,78,14,NA,NA,NA,NA,NA,28079016,693
"52277","2018-01-02 20:00:00",NA,NA,NA,NA,NA,24,66,103,NA,NA,NA,5,NA,NA,28079017,604
"52278","2018-01-02 20:00:00",0.400000005960464,NA,0.300000011920929,0.100000001490116,NA,10,57,72,16,7,NA,6,NA,1,28079018,630
"52279","2018-01-02 20:00:00",0.400000005960464,1.12999999523163,0.200000002980232,0.100000001490116,0.0199999995529652,1,17,19,36,13,8,NA,1.13999998569489,0.899999976158142,28079024,642
"52280","2018-01-02 20:00:00",NA,NA,NA,NA,NA,6,54,64,16,NA,NA,NA,NA,NA,28079027,621
"52281","2018-01-02 20:00:00",NA,NA,0.600000023841858,NA,NA,4,32,38,17,NA,NA,6,NA,NA,28079035,659
"52282","2018-01-02 20:00:00",NA,NA,0.400000005960464,NA,NA,34,79,131,NA,26,NA,11,NA,NA,28079036,685
"52283","2018-01-02 20:00:00",0.699999988079071,NA,NA,0.400000005960464,NA,16,48,73,NA,9,5,3,NA,1.70000004768372,28079038,698
"52284","2018-01-02 20:00:00",NA,NA,0.5,NA,NA,37,69,125,8,NA,NA,NA,NA,NA,28079039,674
"52285","2018-01-02 20:00:00",NA,NA,NA,NA,NA,41,82,144,NA,26,NA,3,NA,NA,28079040,677
"52286","2018-01-02 20:00:00",NA,NA,NA,NA,NA,2,51,55,NA,13,8,NA,NA,NA,28079047,599
"52287","2018-01-02 20:00:00",NA,NA,NA,NA,NA,25,63,102,NA,10,6,NA,NA,NA,28079048,676
"52288","2018-01-02 20:00:00",NA,NA,NA,NA,NA,2,44,46,21,NA,NA,NA,NA,NA,28079049,662
"52289","2018-01-02 20:00:00",NA,NA,NA,NA,NA,56,63,149,NA,11,8,NA,NA,NA,28079050,728
"52290","2018-01-02 20:00:00",NA,NA,NA,NA,NA,14,71,93,4,NA,NA,NA,NA,NA,28079054,627
"52291","2018-01-02 20:00:00",0.899999976158142,1.17999994754791,NA,0.100000001490116,0.0500000007450581,7,59,69,NA,18,NA,NA,1.23000001907349,3.70000004768372,28079055,618
"52292","2018-01-02 20:00:00",NA,NA,0.400000005960464,NA,NA,45,77,146,6,NA,NA,NA,NA,NA,28079056,604
"52293","2018-01-02 20:00:00",NA,NA,0.400000005960464,NA,NA,21,66,98,NA,19,NA,2,NA,NA,28079057,700
"52294","2018-01-02 20:00:00",NA,NA,NA,NA,NA,2,31,34,21,NA,NA,NA,NA,NA,28079058,615
"52295","2018-01-02 20:00:00",NA,NA,NA,NA,NA,5,48,56,18,NA,NA,NA,NA,NA,28079059,660
"52296","2018-01-02 20:00:00",NA,NA,NA,NA,NA,19,64,94,11,22,NA,NA,NA,NA,28079060,715
"52297","2018-01-02 21:00:00",NA,NA,0.400000005960464,NA,NA,8,41,54,NA,NA,NA,1,NA,NA,28079004,635
"52298","2018-01-02 21:00:00",1.20000004768372,1.41999995708466,0.600000023841858,0.400000005960464,0.0799999982118607,62,82,177,6,12,9,3,1.5,2.90000009536743,28079008,670
"52299","2018-01-02 21:00:00",0.600000023841858,NA,NA,0.100000001490116,NA,12,53,71,NA,NA,NA,NA,NA,1,28079011,708
"52300","2018-01-02 21:00:00",NA,NA,0.400000005960464,NA,NA,14,63,86,10,NA,NA,NA,NA,NA,28079016,693
"52301","2018-01-02 21:00:00",NA,NA,NA,NA,NA,16,60,85,10,NA,NA,4,NA,NA,28079017,604
"52302","2018-01-02 21:00:00",0.5,NA,0.400000005960464,0.200000002980232,NA,15,63,87,9,7,NA,6,NA,1.10000002384186,28079018,630
"52303","2018-01-02 21:00:00",0.400000005960464,1.12999999523163,0.200000002980232,0.100000001490116,0.0199999995529652,1,22,24,31,11,6,NA,1.14999997615814,0.800000011920929,28079024,642
"52304","2018-01-02 21:00:00",NA,NA,NA,NA,NA,6,59,69,12,NA,NA,NA,NA,NA,28079027,621
"52305","2018-01-02 21:00:00",NA,NA,0.699999988079071,NA,NA,8,46,58,8,NA,NA,6,NA,NA,28079035,659
"52306","2018-01-02 21:00:00",NA,NA,0.400000005960464,NA,NA,36,80,135,NA,22,NA,11,NA,NA,28079036,685
"52307","2018-01-02 21:00:00",0.699999988079071,NA,NA,0.400000005960464,NA,14,44,65,NA,10,6,3,NA,1.5,28079038,698
"52308","2018-01-02 21:00:00",NA,NA,0.400000005960464,NA,NA,27,60,102,10,NA,NA,NA,NA,NA,28079039,674
"52309","2018-01-02 21:00:00",NA,NA,NA,NA,NA,48,85,158,NA,28,NA,4,NA,NA,28079040,677
"52310","2018-01-02 21:00:00",NA,NA,NA,NA,NA,8,60,73,NA,14,10,NA,NA,NA,28079047,599
"52311","2018-01-02 21:00:00",NA,NA,NA,NA,NA,18,59,87,NA,10,5,NA,NA,NA,28079048,676
"52312","2018-01-02 21:00:00",NA,NA,NA,NA,NA,1,46,48,13,NA,NA,NA,NA,NA,28079049,662
"52313","2018-01-02 21:00:00",NA,NA,NA,NA,NA,43,54,120,NA,11,9,NA,NA,NA,28079050,728
"52314","2018-01-02 21:00:00",NA,NA,NA,NA,NA,12,66,85,6,NA,NA,NA,NA,NA,28079054,627
"52315","2018-01-02 21:00:00",0.800000011920929,1.20000004768372,NA,0.200000002980232,0.0599999986588955,19,65,94,NA,16,NA,NA,1.25999999046326,2.79999995231628,28079055,618
"52316","2018-01-02 21:00:00",NA,NA,0.5,NA,NA,80,91,215,3,NA,NA,NA,NA,NA,28079056,604
"52317","2018-01-02 21:00:00",NA,NA,0.400000005960464,NA,NA,11,49,66,NA,15,NA,2,NA,NA,28079057,700
"52318","2018-01-02 21:00:00",NA,NA,NA,NA,NA,5,39,47,13,NA,NA,NA,NA,NA,28079058,615
"52319","2018-01-02 21:00:00",NA,NA,NA,NA,NA,5,50,58,16,NA,NA,NA,NA,NA,28079059,660
"52320","2018-01-02 21:00:00",NA,NA,NA,NA,NA,10,51,67,20,12,NA,NA,NA,NA,28079060,715
"52321","2018-01-02 22:00:00",NA,NA,0.400000005960464,NA,NA,8,47,58,NA,NA,NA,1,NA,NA,28079004,635
"52322","2018-01-02 22:00:00",1.20000004768372,1.41999995708466,0.600000023841858,0.400000005960464,0.0799999982118607,56,80,166,6,21,17,3,1.5,2.90000009536743,28079008,670
"52323","2018-01-02 22:00:00",0.5,NA,NA,0.100000001490116,NA,15,60,83,NA,NA,NA,NA,NA,0.800000011920929,28079011,708
"52324","2018-01-02 22:00:00",NA,NA,0.600000023841858,NA,NA,32,76,125,3,NA,NA,NA,NA,NA,28079016,693
"52325","2018-01-02 22:00:00",NA,NA,NA,NA,NA,18,59,86,9,NA,NA,4,NA,NA,28079017,604
"52326","2018-01-02 22:00:00",0.600000023841858,NA,0.5,0.300000011920929,NA,26,67,107,7,10,NA,7,NA,2.40000009536743,28079018,630
"52327","2018-01-02 22:00:00",0.400000005960464,1.12999999523163,0.200000002980232,0.100000001490116,0.0199999995529652,1,28,29,27,12,7,NA,1.1599999666214,0.5,28079024,642
"52328","2018-01-02 22:00:00",NA,NA,NA,NA,NA,38,80,138,1,NA,NA,NA,NA,NA,28079027,621
"52329","2018-01-02 22:00:00",NA,NA,0.699999988079071,NA,NA,11,48,65,5,NA,NA,7,NA,NA,28079035,659
"52330","2018-01-02 22:00:00",NA,NA,0.300000011920929,NA,NA,26,71,111,NA,23,NA,10,NA,NA,28079036,685
"52331","2018-01-02 22:00:00",0.699999988079071,NA,NA,0.400000005960464,NA,11,50,67,NA,7,4,3,NA,1.29999995231628,28079038,698
"52332","2018-01-02 22:00:00",NA,NA,0.5,NA,NA,37,65,122,8,NA,NA,NA,NA,NA,28079039,674
"52333","2018-01-02 22:00:00",NA,NA,NA,NA,NA,15,61,83,NA,26,NA,3,NA,NA,28079040,677
"52334","2018-01-02 22:00:00",NA,NA,NA,NA,NA,22,72,107,NA,18,12,NA,NA,NA,28079047,599
"52335","2018-01-02 22:00:00",NA,NA,NA,NA,NA,23,68,103,NA,11,7,NA,NA,NA,28079048,676
"52336","2018-01-02 22:00:00",NA,NA,NA,NA,NA,13,55,75,5,NA,NA,NA,NA,NA,28079049,662
"52337","2018-01-02 22:00:00",NA,NA,NA,NA,NA,36,58,113,NA,9,7,NA,NA,NA,28079050,728
"52338","2018-01-02 22:00:00",NA,NA,NA,NA,NA,10,56,72,12,NA,NA,NA,NA,NA,28079054,627
"52339","2018-01-02 22:00:00",1.20000004768372,1.22000002861023,NA,0.100000001490116,0.0799999982118607,43,81,147,NA,19,NA,NA,1.29999995231628,3.70000004768372,28079055,618
"52340","2018-01-02 22:00:00",NA,NA,0.600000023841858,NA,NA,118,93,274,3,NA,NA,NA,NA,NA,28079056,604
"52341","2018-01-02 22:00:00",NA,NA,0.400000005960464,NA,NA,12,59,78,NA,17,NA,2,NA,NA,28079057,700
"52342","2018-01-02 22:00:00",NA,NA,NA,NA,NA,13,44,64,3,NA,NA,NA,NA,NA,28079058,615
"52343","2018-01-02 22:00:00",NA,NA,NA,NA,NA,4,50,56,16,NA,NA,NA,NA,NA,28079059,660
"52344","2018-01-02 22:00:00",NA,NA,NA,NA,NA,17,62,88,10,18,NA,NA,NA,NA,28079060,715
"52345","2018-01-02 23:00:00",NA,NA,0.5,NA,NA,26,55,95,NA,NA,NA,2,NA,NA,28079004,635
"52346","2018-01-02 23:00:00",1.39999997615814,1.41999995708466,0.600000023841858,0.5,0.0599999986588955,55,77,162,6,14,10,3,1.48000001907349,3.70000004768372,28079008,670
"52347","2018-01-02 23:00:00",0.600000023841858,NA,NA,0.100000001490116,NA,13,60,80,NA,NA,NA,NA,NA,1.10000002384186,28079011,708
"52348","2018-01-02 23:00:00",NA,NA,0.5,NA,NA,35,76,130,2,NA,NA,NA,NA,NA,28079016,693
"52349","2018-01-02 23:00:00",NA,NA,NA,NA,NA,6,46,56,15,NA,NA,3,NA,NA,28079017,604
"52350","2018-01-02 23:00:00",0.5,NA,0.300000011920929,0.200000002980232,NA,7,38,49,23,8,NA,6,NA,1.39999997615814,28079018,630
"52351","2018-01-02 23:00:00",0.400000005960464,1.13999998569489,0.200000002980232,0.100000001490116,0.0199999995529652,1,22,24,28,13,8,NA,1.1599999666214,0.5,28079024,642
"52352","2018-01-02 23:00:00",NA,NA,NA,NA,NA,37,80,136,1,NA,NA,NA,NA,NA,28079027,621
"52353","2018-01-02 23:00:00",NA,NA,0.800000011920929,NA,NA,13,48,68,5,NA,NA,7,NA,NA,28079035,659
"52354","2018-01-02 23:00:00",NA,NA,0.300000011920929,NA,NA,6,45,55,NA,20,NA,9,NA,NA,28079036,685
"52355","2018-01-02 23:00:00",0.600000023841858,NA,NA,0.300000011920929,NA,6,46,55,NA,10,7,3,NA,1.10000002384186,28079038,698
"52356","2018-01-02 23:00:00",NA,NA,0.5,NA,NA,33,65,116,5,NA,NA,NA,NA,NA,28079039,674
"52357","2018-01-02 23:00:00",NA,NA,NA,NA,NA,14,61,82,NA,22,NA,3,NA,NA,28079040,677
"52358","2018-01-02 23:00:00",NA,NA,NA,NA,NA,2,43,45,NA,12,6,NA,NA,NA,28079047,599
"52359","2018-01-02 23:00:00",NA,NA,NA,NA,NA,52,77,158,NA,13,8,NA,NA,NA,28079048,676
"52360","2018-01-02 23:00:00",NA,NA,NA,NA,NA,16,52,77,8,NA,NA,NA,NA,NA,28079049,662
"52361","2018-01-02 23:00:00",NA,NA,NA,NA,NA,27,50,92,NA,11,9,NA,NA,NA,28079050,728
"52362","2018-01-02 23:00:00",NA,NA,NA,NA,NA,6,43,53,17,NA,NA,NA,NA,NA,28079054,627
"52363","2018-01-02 23:00:00",1.20000004768372,1.23000001907349,NA,0.100000001490116,0.0799999982118607,39,76,135,NA,20,NA,NA,1.30999994277954,3.90000009536743,28079055,618
"52364","2018-01-02 23:00:00",NA,NA,0.300000011920929,NA,NA,32,54,103,15,NA,NA,NA,NA,NA,28079056,604
"52365","2018-01-02 23:00:00",NA,NA,0.300000011920929,NA,NA,7,41,51,NA,19,NA,1,NA,NA,28079057,700
"52366","2018-01-02 23:00:00",NA,NA,NA,NA,NA,23,46,81,2,NA,NA,NA,NA,NA,28079058,615
"52367","2018-01-02 23:00:00",NA,NA,NA,NA,NA,15,64,87,5,NA,NA,NA,NA,NA,28079059,660
"52368","2018-01-02 23:00:00",NA,NA,NA,NA,NA,6,38,47,NA,29,NA,NA,NA,NA,28079060,715
